{
  "name": "pholder",
	"title": "jQuery place holder",
	"description": "cross browser place holder plugin for jquery.",
	"keywords": ["placeholder","watermark","html5"],
	"version": "3.3.1",
	"author": {
		"name": "sattla",
		"url": "http://il.linkedin.com/in/igorbur/"
	},
	"maintainers": [{
		"name": "igor bur",
		"email": "sattla@hotmail.com",
		"url": "http://il.linkedin.com/in/igorbur/"
	}],
	"licenses": [{
		"type": "Free for non-commercial use",
		"url": "http://creativecommons.org/licenses/by-nc-sa/3.0/"
	}],
	"homepage": "http://sattla.github.io/pholder/",
	"demo": "http://sattla.github.io/pholder/demo.html",
	"download": "https://github.com/sattla/pholder/archive/master.zip",
	"dependencies": {
		"jquery": ">=1.5"
	}
}
